author_id,name,birth,death
1,Leslie Marmon Silko,1948-03-05,
2,David Malouf,1934-03-20,
3,William Faulkner,1897-09-25,1962-07-06
4,Clifford Simak,1904-08-03,1988-04-25
5,J.R.R. Tolkien,1892-01-03,1973-09-02
6,C. J. Cherryh,1942-09-01,
7,Gabriel García Márquez,1927-03-06,2014-04-17
8,Kazuo Ishiguro,1954-11-08,
9,Tomas Tranströmer,1931-04-15,2015-03-26
10,Neil Gaiman,1960-11-10,
11,Olga Tokarczuk,1962-01-29,
12,Ralph Ellison,1914-03-01,1994-04-16
13,Joy Harjo,1951-05-09,
14,Thomas Mann,1875-06-06,1955-08-12
15,Virginia Woolf,1882-01-25,1941-03-28
16,Octavia E. Butler,1947-06-22,2006-02-24
17,Chimamanda Ngozi Adichie,1977-09-15,
18,Edwidge Danticat,1969-01-19,
19,Leo Tolstoy,1828-09-09,1910-11-20
20,Orhan Pamuk,1952-06-07,
21,Richard Wright,1908-09-04,1960-11-28
22,Franz Kafka,1883-07-03,1924-06-03
23,Larissa Lai,,
24,Alice Munro,1931-07-10,
25,Jun'ichirō Tanizaki,1886-07-24,1965-07-30
26,Viet Thanh Nguyen,1971-03-13,
27,Louise Glück,1943-04-22,
28,Mario Vargas Llosa,1936-03-28,
29,Nuruddin Farah,1945-11-24,
30,Fyodor Dostoevsky,1821-11-11,1881-02-09
31,V. S. Naipaul,1932-08-17,2018-08-11
32,Gao Xingjian,1940-01-04,
33,Douglas Stuart,,
34,Assia Djebar,1936-06-30,2015-02-06
35,Mo Yan,1955-02-17,
36,Henrik Ibsen,1828-03-20,1906-05-23
37,Toni Morrison,1931-02-18,2019-08-05
38,Ursula K. Le Guin,1929-10-21,2018-01-22
39,Margaret Atwood,1939-11-18,
40,Liu Cixin,1963-06-21,
41,Mary Shelley,1797-08-30,1851-02-01
42,Chinua Achebe,1930-11-16,2013-03-21
43,David Diop,1966-02-24,
44,Ernesto Quiñonez,,
45,Nicola Griffith,1960-09-30,
46,Elie Wiesel,1928-09-30,2016-07-02
47,Albert Camus,1913-11-07,1960-01-04
48,Rabindranath Tagore,1861-05-07,1941-08-07
49,Arundhati Roy,1961-11-24,
50,Iris Murdoch,1919-07-15,1999-02-08
51,Ana Castillo,1953-06-15,
52,Ismail Kadare,1936-01-28,
53,Michael Ondaatje,1943-09-12,
54,Doris Lessing,1919-10-22,2013-11-17
55,Luis Alberto Urrea,1955-08-20,
56,Nana Kwame Adjei-Brenyah,,
57,Jhumpa Lahiri,1967-07-11,
58,Michael Chabon,1963-05-24,
59,Allen Ginsberg,1926-06-03,1997-04-05
60,Zeyn Joukhadar,,
61,J. M. Coetzee,1940-02-09,
62,Isabel Allende,1942-08-02,
63,N. Scott Momaday,1934-02-27,
64,Bessie Head,1937-07-06,1986-04-17
65,Hoda Barakat,,
66,James Baldwin,1924-08-02,1987-11-30
67,Emily Brontë,1818-07-30,1848-12-19
68,Willa Cather,1873-12-07,1947-04-24
69,David Grossman,1954-01-25,
70,Ibrahim Nasrallah,1954-12-02,
71,Arthur C. Clarke,1917-12-16,2008-03-19
72,Han Kang,1970-11-27,
73,Harper Lee,1926-04-28,2016-02-19
74,N. K. Jemisin,1972-09-19,
75,Colson Whitehead,1969-11-06,
76,John Steinbeck,1902-02-27,1968-12-20
