award_id,name,sponsor,criteria
1,MacArthur Fellowship,John D. and Catherine T. MacArthur Foundation,Given to extraordinarily talented and creative individuals as an investment in their potential
2,Neustadt International Prize for Literature,University of Oklahoma and World Literature Today,"In recognition of outstanding achievement in poetry, fiction, or drama"
3,Nobel Prize in Literature,Swedish Academy,"To an author who has produced the most outstanding work in an idealistic direction, for the greatest benefit of mankind"
4,Damon Knight Memorial Grand Master Award,Science Fiction and Fantasy Writers of America,Excellence in science fiction and fantasy writing
5,United States Poet Laureate,United States Congress,
6,Ruth Lilly Poetry Prize,Poetry Foundation,A living US poet whose lifetime accomplishments warrant extraordinary recognition
7,Goethe Prize,City of Frankfurt am Main,Achievement worthy of honour in memory of Johann Wolfgang von Goethe
8,Pulitzer Prize for Fiction,Columbia University,"For distinguished fiction published in book form by an American author, preferably dealing with American life"
10,Presidential Medal of Freedom,President of the United States,"Especially meritorious contribution to the security or national interests of the United States, world peace, cultural or other significant public or private endeavors"
11,SFWA Grand Master Award,Science Fiction and Fantasy Writers of America,Excellence in science fiction and fantasy writing
13,Robert Frost Medal,Poetry Society of America,Distinguished lifetime achievement in American poetry
14,Israel Prize,State of Israel,Israeli citizens or organizations who have displayed excellence in their field or have contributed strongly to Israeli culture
17,Governor General’s Award for Fiction,Canada Council for the Arts,
18,Booker Prize,Man Group,Awards the best novel written in English and published in the United Kingdom or Ireland
19,National Book Award for Poetry,National Book Foundation,
20,Nebula Award,Science Fiction and Fantasy Writers of America,
21,Hugo Award,World Science Fiction Society,
22,Pulitzer Prize for Poetry,Columbia University,For a distinguished volume of original verse by an American author
24,Giller Prize,Giller Prize Foundation,
25,National Book Critics Circle Award,National Book Critics Circle,The finest books and reviews published in English
26,Newbery Medal,American Library Association,The most distinguished contribution to American literature for children
27,National Book Award for Fiction,National Book Foundation,
28,International Booker Prize,Man Group,"Until 2016, for one author's continued creativity, development and overall contribution to fiction on the world stage; since 2016, for a single book translated into English"
29,International Prize for Arabic Fiction,Abu Dhabi Arabic Language Centre,
