book_id,author_id,title,publication_year
1,41,Frankenstein,1818
2,67,Wuthering Heights,1847
3,30,Crime and Punishment,1866
4,36,Peer Gynt,1867
5,19,War and Peace,1867
6,19,Anna Karenina,1877
7,36,A Doll's House,1879
8,30,The Brothers Karamazov,1879
9,14,Buddenbrooks,1901
10,48,Gitanjali,1910
11,14,Death in Venice,1912
12,68,O Pioneers!,1913
13,22,The Metamorphosis,1915
14,68,The Song of the Lark,1915
15,68,My Antonia,1918
16,68,One of Ours,1922
17,14,The Magic Mountain,1924
18,25,Naomi,1925
19,15,Mrs Dalloway,1925
20,22,The Trial,1925
21,15,To the Lighthouse,1927
22,15,Orlando,1928
23,3,The Sound and the Fury,1929
24,15,A Room of One's Own,1929
25,3,As I Lay Dying,1930
26,3,"Absalom, Absalom!",1936
27,76,Of Mice and Men,1937
28,5,The Hobbit,1937
29,76,The Grapes of Wrath,1939
30,14,Lotte in Weimar,1939
31,21,Native Son,1940
32,47,The Stranger,1942
33,76,Cannery Row,1945
34,21,Black Boy,1945
35,14,Doctor Faustus,1947
36,54,The Grass is Singing,1950
37,14,The Holy Sinner,1951
38,76,East of Eden,1952
39,12,Invisible Man,1952
40,21,The Outsider,1953
41,66,Go Tell It on the Mountain,1953
42,3,A Fable,1954
43,5,The Fellowship of the Ring,1954
44,5,The Two Towers,1954
45,5,The Return of the King,1955
46,66,Notes of a Native Son,1955
47,59,Howl and Other Poems,1956
48,71,The City and the Stars,1956
49,66,Giovanni's Room,1956
50,46,Night,1956
51,42,Things Fall Apart,1958
52,42,No Longer at Ease,1960
53,73,To Kill a Mockingbird,1960
54,31,A House for Mr. Biswas,1961
55,66,Nobody Knows My Name,1961
56,59,Kaddish and Other Poems,1961
57,66,Another Country,1962
58,3,The Reivers,1962
59,54,The Golden Notebook,1962
60,34,Children of the New World,1962
61,52,The General of the Dead Army,1963
62,28,The Time of the Hero,1963
63,4,Way Station,1963
64,42,Arrow of God,1964
65,42,A Man of the People,1966
66,7,One Hundred Years of Solitude,1967
67,24,Dance of the Happy Shades,1968
68,63,House Made of Dawn,1968
69,38,A Wizard of Earthsea,1968
70,71,2001: A Space Odyssey,1968
71,66,Tell Me How Long the Train's Been Gone,1968
72,64,When Rain Clouds Gather,1968
73,28,Conversation in the Cathedral,1969
74,63,The Way to Rainy Mountain,1969
75,38,The Left Hand of Darkness,1969
76,29,From a Crooked Rib,1970
77,9,Twenty Poems,1970
78,37,The Bluest Eye,1970
79,38,The Tombs of Atuan,1970
80,52,The Siege,1970
81,31,In a Free State,1971
82,52,Chronicle in Stone,1971
83,64,Maru,1971
84,38,The Farthest Shore,1972
85,59,The Fall of America,1973
86,71,Rendezvous with Rama,1973
87,37,Sula,1973
88,64,A Question of Power,1973
89,38,The Dispossessed,1974
90,9,Baltics,1974
91,66,If Beale Street Could Talk,1974
92,2,Johnno,1975
93,24,Who Do You Think You Are?,1977
94,37,Song of Solomon,1977
95,50,"The Sea, the Sea",1978
96,71,The Fountains of Paradise,1979
97,31,A Bend in the River,1979
98,66,Just Above My Head,1979
99,6,Downbelow Station,1981
100,1,Storyteller,1981
101,37,Tar Baby,1981
102,52,The File on H.,1981
103,62,The House of the Spirits,1982
104,54,The Good Terrorist,1985
105,39,The Handmaid's Tale,1985
106,7,Love in the Time of Cholera,1985
107,51,The Mixquiahuala Letters,1986
108,8,An Artist of the Floating World,1986
109,29,Maps,1986
110,37,Beloved,1987
111,31,The Enigma of Arrival,1987
112,34,A Sister to Scheherazade,1987
113,6,Cyteen,1988
114,8,The Remains of the Day,1989
115,13,In Mad Love and War,1990
116,38,Tehanu,1990
117,65,The Stone of Laughter,1990
118,32,Soul Mountain,1990
119,52,The Pyramid,1992
120,27,The Wild Iris,1992
121,53,The English Patient,1992
122,37,Jazz,1992
123,45,Ammonite,1992
124,35,The Republic of Wine,1992
125,2,Remembering Babylon,1993
126,55,Across the Wire,1993
127,18,"Breath, Eyes, Memory",1994
128,18,Krik? Krak!,1995
129,23,When Fox Is a Thousand,1995
130,58,Wonder Boys,1995
131,45,Slow River,1995
132,51,"My Father Was a Toltec and selected poems, 1973-1988",1995
133,16,Bloodchild,1995
134,9,Sorrow Gondola,1996
135,34,Algerian White,1996
136,11,Primeval and Other Times,1996
137,49,The God of Small Things,1997
138,10,Stardust,1997
139,24,The Love of a Good Woman,1998
140,16,Parable of the Talents,1998
141,20,My Name is Red,1998
142,61,Disgrace,1999
143,57,Interpreter of Maladies,1999
144,12,Juneteenth,1999
145,44,Bodega Dreams,2000
146,39,The Blind Assassin,2000
147,58,The Amazing Adventures of Kavalier and Clay,2000
148,8,When We Were Orphans,2000
149,10,American Gods,2001
150,65,The Tiller of Waters,2001
151,10,Coraline,2002
152,23,Salt Fish Girl,2002
153,13,How We Became Human,2002
154,20,Snow,2002
155,62,City of the Beasts,2002
156,17,Purple Hibiscus,2003
157,57,The Namesake,2003
158,61,Elizabeth Costello,2003
159,9,The Great Enigma,2004
160,24,Runaway,2004
161,61,Slow Man,2005
162,8,Never Let Me Go,2005
163,10,Anansi Boys,2005
164,17,Half of a Yellow Sun,2006
165,2,Every Move You Make,2007
166,18,"Brother, I'm dying",2007
167,72,The Vegetarian,2007
168,11,Flights,2007
169,58,The Yiddish Policemen's Union,2007
170,57,Unaccustomed Earth,2008
171,37,A Mercy,2008
172,52,The Fall of the Stone City,2008
173,40,The Three-Body Problem,2008
174,10,The Graveyard Book,2008
175,11,Drive Your Plow over the Bones of the Dead,2009
176,74,The Broken Kingdoms,2010
177,74,The Hundred Thousand Kingdoms,2010
178,74,The Kingdom Of Gods,2011
179,58,Telegraph Avenue,2012
180,17,Americanah,2013
181,57,The Lowland,2013
182,27,Faithful and Virtuous Night,2014
183,69,A Horse Walks Into a Bar,2014
184,13,Conflict Resolution for Holy Beings,2015
185,74,The Fifth Season,2015
186,26,The Sympathizer,2015
187,75,The Underground Railroad,2016
188,74,The Obelisk Gate,2016
189,70,The Second Dog War,2016
190,49,The Ministry of Utmost Happiness,2017
191,26,The Refugees,2017
192,74,The Stone Sky,2017
193,56,Friday Black,2018
194,60,The Map of Salt and Stars,2018
195,23,The Tiger Flu,2018
196,43,At Night All Blood Is Black,2018
197,75,The Nickel Boys,2019
198,39,The Testaments,2019
199,33,Shuggie Bain,2020
200,60,The Thirty Names of Night,2020
