edition_id,book_id,publication_year,publisher,publisher_location,title,pages,isbn10,isbn13
1,28,1937,G. Allen & Unwin,London,"The  hobbit, or, There and back again",310,,
2,28,1938,Houghton Mifflin,Boston,"The hobbit, or, There and back again",310,,
3,28,1938,Houghton Mifflin,,The Hobbit,320,395071224,9780395071229
4,28,1946,Allen & Unwin,London,The hobbit,,,
5,28,1951,Allen and Unwin,London,"The Hobbit, or, There and back again",,,
6,28,1956,Del Rey Books,,The Hobbit,,,9780345339683
7,28,1956,G. Allen & Unwin,London,The hobbit,315,,
8,28,1957,Houghton Mifflin,Boston,The hobbit,315,,
9,28,1965,Ballantine Books,New York,The Hobbit,,,
10,28,1966,Allen and Unwin,London,The Hobbit,278,48230707,
11,28,1966,Ballantine Books,,The Hobbit,310,48230707,9780048230706
12,28,1966,George Allen & Unwin,London,The Hobbit,179,,
13,28,1966,George Allen &Unwin,London,"The hobbit, or, There and back again",317,48230693,
14,28,1966,Houghton Mifflin,Boston,"The hobbit, or, There and back again",317,,
15,28,1966,Houghton Mifflin,Boston,"The hobbit, or, There and back again",255,395071224,
16,28,1967,Random House,New York,The Hobbit,,,
17,28,1968,Longmans,Harlow,The hobbit,279,582186552,
18,28,1969,Gyldendal,Koebenhavn,Hobitten eller Ud og hjem igen,267,,
19,28,1969,J'ai lu,"Paris, France",Bilbo le hobbit,,,
20,28,1969,Stock,[Paris],Bilbo le Hobbit,,2010147804,
21,28,1971,Allen & Unwin,London,The hobbit,317,,
22,28,1972,Allen and Unwin,London,The hobbit,303,48231053,
23,28,1972,Ballantine Books,,HOBBIT,288,034521532X,9780345215321
24,28,1973,Ballantine Books,,The Hobbitt,,345235126,9780345235121
25,28,1973,Houghton Mifflin,Boston,"The hobbit, or, There and back again",317,395177111,
26,28,1974,Allen & Unwin,London,The hobbit,317,,
27,28,1974,Ballantine,,The Hobbit,,345240316,
28,28,1974,BBC,London,The hobbit.,,,
29,28,1974,Deutscher Taschenbuch,München,Der kleine Hobbit,,3423071516,
30,28,1974,Deutscher Taschenbuch Verlag,München,Der kleine Hobbit,301,3790301337,
31,28,1975,Ballantine Books,,The Hobbit,,345248260,9780345248268
32,28,1975,Gyldendal,Koebenhavn,Hobitten eller Ud og hjem igen,267,8700050210,
33,28,1975,Unwin Books,London,"The hobbit, or, There and back again",255,48231266,
34,28,1976,Allen and Unwin,London,"The hobbit, or, There and back again",286,48231274,
35,28,1976,Ballantine Books,"New York, USA",The Hobbit or There and Back Again,287,345253426,9780345253422
36,28,1976,Het Spectrum,Utrecht [etc.],"De hobbit, of Daarheen en weer terug",,9027483965,
37,28,1977,H. N. Abrams,New York,"The hobbit, or, There and back again",220,810910608,
38,28,1977,Perfection Learning Prebound,,The Hobbit,,812415833,9780812415834
39,28,1977,Unwin Paperbacks,,"The Hobbit: or, There and Back Again",,458920304,9780458920303
40,28,1977,Zmora-Bitan,Israel,The Hobbit,,,
41,28,1978,Allen & Unwin,,The Hobbit,256,48231479,9780048231475
42,28,1978,Ballantine Books,,"The Hobbit, or There and Back Again",220,345277112,9780345277114
43,28,1978,Houghton Mifflin,Boston,"The hobbit, or, There and back again",255,,
44,28,1978,Le livre de poche,"Paris, France",Bilbo le hobbit,315,2253049417,9782253049418
45,28,1979,Ballantine Books,"Texas, USA",The Hobbit,287,345272579,9780345272577
46,28,1979,Folio Society,London,"The hobbit, or, There and back again",,,
47,28,1979,Iwanami,Tōkyō,Hobbito no bōken / J.R.R. Tōrukin saku ,,4001120887,
48,28,1979,Unwin,,The Hobbit,,48231541,
49,28,1979,Unwin Hyman,London,The annotated Hobbit,335,44403372,
50,28,1980,Hachette,Paris,Bilbo le hobbit,,,
51,28,1980,Stock,Paris,Bilbo le hobbit,405,225303293X,9782253032939
52,28,1981,Grafton,,The Hobbit,288,48231886,9780048231888
53,28,1981,Tascabili Bompiani,Milano,"Lo hobbit,o, La riconquista del tesoro.",,,
54,28,1981,Unwin Publishers,London,The hobbit and the Lord of the rings,,48232165,
55,28,1982,Soundelux Audio Publishing,,The Hobbit,,5550277689,9785550277683
56,28,1982,Ulverscroft Large Print,,The Hobbit,380,708980651,9780708980651
57,28,1983,Ballantine Books,New York,The Hobbit,287,345296044,9780345296047
58,28,1984,Ballantine Books,,The Hobbit,,345318587,9780345318589
59,28,1984,Ballantine Books,,The Hobbit and The Lord of the Rings,,345296079,9780345296078
60,28,1984,Circulo de Lectores,Spain,El Hobbit,,842261586X,
61,28,1984,Grafton,,The Hobbit,299,48232734,9780048232731
62,28,1984,Houghton Mifflin,,The Hobbit,304,395520215,9780395520215
63,28,1984,Houghton Mifflin,Boston,"The hobbit, or, There and back again",290,395362903,
64,28,1984,Unwin Paperbacks,London,The Hobbit,288,48231886,9780048231888
65,28,1985,Addison Wesley Publishing Company,,The Hobbit,,201111586,9780201111583
66,28,1985,Ballantine Books,,The Hobbit,,345332075,9780345332073
67,28,1985,Minotauro,"México, D.F",El hobbit,315,9684460368,
68,28,1986,Ballantine Books,"New York, USA",The Hobbit or There and Back Again,287,345339681,9780345339683
69,28,1986,Ballantine Books,,The Hobbit,320,345339681,9780345339683
70,28,1986,Del Rey Books,,The Hobbit,306,,
71,28,1986,Hotho & Co,,Hobbit/Dc340 Cassette,,9997018222,9789997018229
72,28,1986,Turtleback,"St. Louis, Missouri",The Hobbit,320,,
73,28,1986,Unwin Paperbacks,London,"The Hobbit, or There and Back Again",285,48231886,
74,28,1987,HarperCollins Publishers Ltd,,The Hobbit,,48232165,9780048232168
75,28,1987,Houghton Mifflin,Boston,"The hobbit, or, There and back again",317,395177111,
76,28,1987,Houghton Mifflin Company,,The Hobbit,,395454026,9780395454022
77,28,1987,Unwin Hyman,London,"The hobbit, or, There and back again",256,48233862,
78,28,1987,Unwin Paperbacks,London,The Hobbit,290,48233803,9780048233806
79,28,1988,Ballantine Books,,The Hobbit,,345008618,9780345008619
80,28,1988,Ballantine Books,"New York, USA",The Hobbit or There and Back Again,304,345339681,9780345339683
81,28,1988,French & European Pubns,,Bilbo le Hobbit,,785922059,9780785922056
82,28,1988,Houghton Mifflin,,The Hobbit,,395282659,9780395282656
83,28,1988,Houghton Mifflin Co.,"Boston, USA",The Annotated Hobbit,335,395476909,9780395476901
84,28,1988,Houghton Mifflin Company,,Annotated Hobbit,,5552438310,9785552438310
85,28,1988,Unwin Hyman,London,The annotated Hobbit,335,44403372,
86,28,1989,Eclipse Books,,Hobbit or There and Back Again,,913035807,9780913035801
87,28,1989,Tandem Library,,Hobbit,,061382735X,9780613827355
88,28,1990,Easton Press,"Norwalk, Conn","The hobbit, or, There and back again",317,,
89,28,1990,Eclipse Books,"Forestville, Calif","The Hobbit, or, There and back again",133,345368584,
90,28,1990,Eclipse Books,,The Hobbit,44,913035815,9780913035818
91,28,1990,Ediciones Minotauro,Barcelona,El Hobbit,,844507153X,9788445071533
92,28,1990,Grafton,,The Hobbit,46,44408129,9780044408123
93,28,1990,HarperCollins,,"The hobbit or, There and back again.",290,261102494,
94,28,1990,Random House Value Publishing,,The Annotated Hobbit,,517029359,9780517029350
95,28,1990,Soundelux Audio Pub,,The Hobbit,,1559350326,9781559350327
96,28,1990,World Pubns,,Hobbit,,792443489,9780792443483
97,28,1991,"""Detskai︠a︡ lit-ra""",Leningrad,"Khobbit, ili, Tuda i obratno",252,5080000988,
98,28,1991,HarperCollins,,Annotated Hobbit,,261102516,9780261102514
99,28,1991,ISIS Large Print Books,,The Hobbit,363,1850898057,9781850898054
100,28,1991,Iskry,Warszawa,"Hobbit, czyli, Tam i z powrotem",233,8320706149,
101,28,1991,Minotauro,,El Hobbit,,8445070371,
102,28,1991,Odeon,Praha,Hobit,379,8020702628,
103,28,1991,Prentice Hall,,The Hobbit,,137171668,9780137171668
104,28,1991,"Recorded Books, LLC",,"The Hobbit, Prequel to the Lord of the Rings Trilogy (The Lord of the Rings Trilogy)",,788737279,9780788737275
105,28,1992,Book Club Association,,The Hobbit.,288,261102001,9780261102002
106,28,1992,Grafton,London,The illustrated Hobbit,304,261102508,
107,28,1992,Random House Audio,,The Hobbit,,553700251,9780553700251
108,28,1992,Random House Audio,,The Hobbit,,553745050,9780553745054
109,28,1993,BBS Publishing Corporation,,The Hobbit,220,883657465,9780883657461
110,28,1993,CollinsEducational,London,The hobbit,285,3300900,
111,28,1993,HarperCollins,,The Hobbit,285,261102214,
112,28,1993,HarperCollins Audio,,The Hobbit,,1046764,9780001046764
113,28,1994,DH Audio,,The Hobbit,,886463564,9780886463564
114,28,1995,Minotauro,"Buenos Aires, Argentina",El Hobbit,,950547007X,9789505470075
115,28,1996,Ballantine,New York,The hobbit,304,345339681,9780345339683
116,28,1996,Ted Smart,London,The Hobbit,276,7637705,9780007637706
117,28,1997,Altikirbes Yayin,Istanbul,Hobbit,324,,
118,28,1997,Azbuka,Sankt-Peterburg,"Khobbit, ili Tuda i obratno",333,5768404732,9785768404734
119,28,1997,HarperCollins Publishers Ltd,,The Hobbit,304,026110330X,9780261103306
120,28,1997,Houghton Mifflin Co.,Boston,"The hobbit, or, There and back again",255,395071224,
121,28,1997,Houghton Mifflin Co.,Boston,"The hobbit, or, There and back again",288,395873460,
122,28,1997,Houghton Mifflin Company,"Boston, USA",The Hobbit,,618002219,9780618002214
123,28,1997,ISKRY,Warszawa,Hobbit,,8320714745,
124,28,1997,Minotauro,,El Hobbit (Ilustrado),304,844507282X,9788445072820
125,28,1997,Random House Audio,,The Hobbit (J.R.R. Tolkien),,553471074,9780553471076
126,28,1998,Collins,,The Hobbit (Collins Modern Classics),384,6754023,9780006754022
127,28,1998,Klett-Cotta,,Der Hobbit oder Hin und zurück.,310,3608938052,9783608938050
128,28,1998,Martin Fontes,"Sao Paulo, Brasil",O Hobbit,,8533608810,
129,28,1999,Ballantine Books,,The Hobbit,,345917421,9780345917423
130,28,1999,Bard,Bulgaria,The Hobbit,,9545850167,
131,28,1999,Casterman,,Bilbo le Hobbit,10,2203553936,9782203553934
132,28,1999,Deutscher Taschenbuch Verlag GmbH & Co.,,Der Kleine Hobbit,331,3423202777,9783423202770
133,28,1999,Harper Collins,,The Hobbit,288,261102575,9780261102576
134,28,1999,HarperCollins Publishers,"London, England",The Hobbit,400,261102214,9780261102217
135,28,1999,HarperFestival,,The Hobbit,10,694014362,9780694014361
136,28,1999,Houghtin Mifflin,Boston,The Hobbit,,,9781306430715
137,28,1999,Iwanami Shoten,Tōkyō,Hobitto no bōken,,400026463X,
138,28,1999,Kedros Publishers,,Chombit - the Hobbit,378,9600403082,9789600403084
139,28,1999,Tandem Library,,Hobbit,,613870662,9780613870665
140,28,1999,The Folio Society,,The Hobbit,10,1361287,9780001361287
141,28,2000,Adelphi,,Lo Hobbit (Gli Adelphi),342,8845906884,9788845906886
142,28,2000,AST - Terra Fantastica,,Hobbit,,5170004060,9785170004065
143,28,2000,Bompiani,,"Lo hobbit ; o, La riconquista del tesoro",394,8845290638,
144,28,2000,Ediciones Minotauro,Barcelona (España),El Hobbit,368,8445070371,9788445070376
145,28,2000,French & European Pubns,,Der Kleine Hobbit (The Hobbit in German),400,828811938,9780828811934
146,28,2000,French & European Pubns,,El Hobbit (Spanish language version),,320036871,9780320036873
147,28,2000,Hachette Jeunesse,Paris,"Bilbo, le Hobbit",405,2010199073,9782010199073
148,28,2000,Harper Collins,,The Hobbit,144,7611625,9780261102668
149,28,2000,HarperCollins Audio,,The Hobbit,,7106777,9780007106776
150,28,2000,HarperCollins Publishers Ltd,,The Hobbit,320,261103318,9780261103313
151,28,2000,Houghton Mifflin,,The Hobbit,,618087850,9780618087853
152,28,2000,Listening Library,,The Hobbit,,807288837,9780807288832
153,28,2000,PAN/Rabén & Sjögren,"Stockholm, Sweden",Bilbo,,917263071X,
154,28,2000,Sezonoj,Jekaterinburg,La hobito,223,,
155,28,2001,Adelphi Edizioni,Milano,"Hobbum, ulu Tuda u obramno.",,5170104936,
156,28,2001,Arda,,An Hobbit (en breton),358,2911979036,9782911979033
157,28,2001,Carlsen Comics,Hamburg,Der Hobbit,139,3551761019,9783551761019
158,28,2001,dtv,"Munich, Germany",Der kleine Hobbit,478,3423071516,
159,28,2001,Edicions de La Magrana,,Hobbit (T. D),352,,9788482643526
160,28,2001,Glénat,,Bilbo le Hobbit,133,2723436101,9782723436106
161,28,2001,HarperCollins Publishers,,The Hobbit,,7497903,9780007497904
162,28,2001,HarperCollins Publishers Ltd,,The hobbit,320,261103288,9780261103283
163,28,2001,HarperCollins Publishers Ltd,,The Hobbit,320,7105096,9780007105090
164,28,2001,HarperCollins Publishers Ltd,,The Hobbit,400,000711544X,9780007115440
165,28,2001,Het Spectrum,"Utrecht, Netherlands","De Hobbit, of Daarheen en weer terug",,9027473838,
166,28,2001,Houghton Mifflin,Boston,"The hobbit, or, There and back again",330,618162216,
167,28,2001,Klett,,The Hobbit.,364,3125777704,9783125777705
168,28,2001,Listening Library,,The Hobbit,,807205265,9780807205266
169,28,2001,Martins Fontes,,"Hobbit, O",,8533608810,9788533608818
170,28,2001,Minotauro,"Barcelona, Spain",El Hobbit,313,8445071416,9788445071410
171,28,2001,Rabén & Sjögren,"Stockholm, Sweden",Bilbo,,9172632224,
172,28,2001,Recorded Books,,The Hobbit,,788789562,9780788789564
173,28,2001,Recorded Books,,The Hobbit,,788789821,9780788789823
174,28,2001,Tandem Library,,Hobbit,,613881656,9780613881654
175,28,2001,"Tsai Fong Books, Inc",,Mo jie qian zhuan,,9570823348,9789570823349
176,28,2001,Young Readers Paperback Tolkien,,The Hobbit,333,061815082X,9780618150823
177,28,2002,Christian Bourgois,,Bilbo le Hobbit,300,2267014149,9782267014143
178,28,2002,Christian Bourgois,,Bilbo le Hobbit,314,2267013177,9782267013177
179,28,2002,Distribooks,,Der Kleine Hobbit,381,3423071516,9783423071512
180,28,2002,Hachette,,"Bilbo, Le Hobbit",,2013218818,9782013218818
181,28,2002,HarperCollins Audio,,The Hobbit,,7146906,9780007146901
182,28,2002,HarperCollins Audio,,The Hobbit,,7141823,9780007141821
183,28,2002,Highbridge Audio,,The Hobbit,,1565116720,9781565116726
184,28,2002,Houghton Mifflin,,The Hobbit,320,618260307,9780618260300
185,28,2002,Houghton Mifflin,Boston,The annotated hobbit,398,618134700,
186,28,2002,Houghton Mifflin Company,"Boston, USA",The Annotated Hobbit,398,618134700,9780618134700
187,28,2002,Iwanami Shoten,Tōkyō,Hobbito no bōken,330,4001140586,
188,28,2002,Lian jing chu ban shi ye gong si,Taipei Shi,魔戒前傳：哈比人歷險記,365,9570823348,
189,28,2002,Minotauro,,El Hobbit,288,844507380X,9788445073803
190,28,2002,Nhà xuá̂t bản Hội nhà văn,TP Hso Chí MInh,Chúa tể của những chiếc nhẫn,142,,
191,28,2002,Planeta-De Agostini,Barcelona,El Hobbit,360,843959626X,9788439596264
192,28,2002,Pocket (FR),,"Bilbo, Le Hobbit",312,2253049417,9782253049418
193,28,2002,Recorded Books,,The Hobbit [UNABRIDGED],,1402536941,9781402536946
194,28,2002,Turtleback Books Distributed by Demco Media,,El Hobbit / the Hobbit,,606244263,9780606244268
195,28,2002,Turtleback Books Distributed by Demco Media,,The Hobbit,,606212345,9780606212342
196,28,2002,Wydawnictwo Iskry,Warszawa,Hobbit : czyli tam i z powrotem,,8320716810,
197,28,2003,Azbuka-klassika,Moskva,"Khobbit, ili, Tuda i obratno",668,5699006001,
198,28,2003,Collins Audio,,The Hobbit (Modern Classics on Tape),,7158777,9780007158775
199,28,2003,Grupo Anaya Comercial,Madrid,O Hobbit,339,8483024950,9788483024959
200,28,2003,HarperCollins Publishers Ltd,,The Hobbit,656,7156995,9780007156993
201,28,2003,HarperCollins Publishers Ltd,,The Hobbit,400,7156987,9780007156986
202,28,2003,HarperCollins Publishers Ltd,,The Annotated Hobbit,512,7137273,9780007137275
203,28,2003,Izd-vo AST,Moskva,"Khobbit, ili, Tuda i obratno",382,5170104936,
204,28,2003,Large Print Press,,The Hobbit,483,1594130051,9781594130052
205,28,2003,Tandem Library,,Hobbit,,613536843,9780613536844
206,28,2003,Thorndike Press,"Waterville, Me","The hobbit, or, There and back again",483,786251778,
207,28,2004,AST,,Khobbit (Lyubimoe chtenie),382,517024116X,
208,28,2004,Deutscher Taschenbuch Verlag GmbH & Co.,,Der Kleine Hobbit,331,3423085592,9783423085595
209,28,2004,ĖKSMO,Moskva,"Khobbit, ili, Tuda i obratno",1374,5699012907,
210,28,2004,HarperCollins Publishers Limited,,Hobbit,400,,9780007118359
211,28,2004,Minotauro,,"Hobbit, El - Version Infantil",,8445075330,9788445075333
212,28,2004,Minotauro,,El Hobbit / the Hobbit,360,8445074857,9788445074855
213,28,2004,Oniks 21 vek,,Khobbit (Zolotaya biblioteka),284,5329011000,
214,28,2004,Public Square Books,,El Hobbit,136,1594970718,9781594970719
215,28,2005,AST,,"Khobbit, ili Tuda i obratno",274,5170267096,
216,28,2005,Minotauro,,El Hobbit / The Hobbit,309,9505470630,9789505470631
217,28,2005,Sezonoj,Kaliningrad,La hobito,224,,
218,28,2006,AST,,The Hobbit,318,5170162715,9785170162710
219,28,2006,Booket,,El Hobbit/ the Hobbit (Señor de los Anilos),309,8445075764,9788445075760
220,28,2006,Harper,London,The hobbit,133,261102664,
221,28,2006,"Recorded Books, Inc.",,The Hobbit,,142812733X,9781428127333
222,28,2007,Houghton Mifflin,Boston,"The hobbit, or, There and back again",300,618968636,9780618968633
223,28,2007,Houghton Mifflin,,The Hobbit or There and Back Again,255,739410741,9780739410745
224,28,2007,Minotauro,Barcelona,El Hobbit,,8445076736,9788445076736
225,28,2008,BBC Audiobooks America,,The Hobbit,,1602834547,9781602834545
226,28,2008,Paw Prints 2008-08-11,,The Hobbit,320,1439527261,9781439527269
227,28,2009,HarperCollins,Glasgow,The Hobbit,,,9780007322602
228,28,2009,HarperCollins,New York,The Hobbit,,,9780061917738
229,28,2009,HarperCollins,"London, England",The Hobbit,,7322607,9780007322602
230,28,2009,NXB Văn hóa-Thông tin,Hà Nội,Hobbit,440,,
231,28,2009,Rayo,,El hobbit (Spanish Edition),272,61756261,9780061756269
232,28,2010,Klett-Cotta,"Stuttgart, Germany",Der Hobbit,,3608101381,9783608101386
233,28,2010,Nhà xuất bản Hội nhà văn,Hà Nội,Anh chàng Hobbit,459,,
234,28,2011,HarperCollins,,The Pocket Hobbit,,,9780007440849
235,28,2011,HarperCollins Publishers,London,The Hobbit,,261103342,9780261103344
236,28,2011,HarperCollins UK,,The Hobbit,,7460449,9780007460441
237,28,2011,Klett-Cotta,"Stuttgart, Deutschland",Der Hobbit,382,,9783608938180
238,28,2011,Recorded Books,,The Hobbit,,1461836174,9781461836179
239,28,2011,Texto Online,,The Hobbit,,,
240,28,2012,Booket,,El Hobbit,288,8445000659,9788445000656
241,28,2012,Del Rey,,The Hobbit,320,345534832,9780345534835
242,28,2012,Deutscher Taschenbuch Verlag GmbH & Co.,,Der kleine Hobbit,,3423715006,9783423715003
243,28,2012,dtv Verlagsgesellschaft,,"Der kleine Hobbit, Veredelte Mini-Ausgabe",,3423214139,9783423214131
244,28,2012,dtv Verlagsgesellschaft,,Der kleine Hobbit,,3423214120,9783423214124
245,28,2012,HarperCollins,"New York, USA",The Hobbit,,547951973,9780547951973
246,28,2012,HarperCollins,,The Hobbit,400,7487290,9780007487295
247,28,2012,HarperCollins Children's,London,The hobbit,44,7487355,9780007487356
248,28,2012,HarperCollins Publishers,,The Hobbit,,7458428,9780007458424
249,28,2012,HarperCollins Publishers,London,The Hobbit,389,7487282,9780007487288
250,28,2012,HarperCollins Publishers Limited,,Hobbit,168,,9780007464463
251,28,2012,Houghton Mifflin Harcourt,"New York, USA",The Hobbit,,547951965,9780547951966
252,28,2012,Houghton Mifflin Harcourt,,The Hobbit: Deluxe Pocket Edition,320,544045521,9780544045521
253,28,2012,Houghton Mifflin Harcourt,,The Hobbit,320,547928246,9780547928241
254,28,2012,Klett-Cotta Verlag,,Der Hobbit,,3608939776,9783608939774
255,28,2012,Lian jing chu ban shi ye gu fen you xian gong si,Taibei Shi,Habi ren,340,9570841036,9789570841039
256,28,2012,Mariner Books,Boston,The Hobbit,300,054792822X,9780547928227
257,28,2012,Minotauro,,El Hobbit,,9788445074855,
258,28,2012,Planeta,,El Hobbit Ne,,,9786070712715
259,28,2012,Recorded Books,,The Hobbit,,1461836174,9781461836179
260,28,2012,Turtleback Books,,The Hobbit,320,606262407,9780606262408
261,28,2013,dtv Verlagsgesellschaft,,Der kleine Hobbit,,3423715669,9783423715669
262,28,2013,HACHETTE ROMANS,,Bilbo le Hobbit - texte intégral,528,2012039332,9782012039339
263,28,2013,Harpercollins,,The Hobbit,,7525532,9780007525539
264,28,2013,Harper Collins Promotion,,The Hobbit,,7525508,9780007525508
265,28,2013,Harper Collins Publishers,London,The Hobbit,389,7525494,9780007525492
266,28,2013,HarperCollins UK,,Hobbit,,7497911,9780007497911
267,28,2013,Houghton Mifflin Harcourt,Boston,The Hobbit,,544174224,9780544174221
268,28,2013,Houghton Mifflin Harcourt Publishing Company,,Hobbit,368,,9780544239555
269,28,2013,Le Livre de Poche,Paris,Bilbo le Hobbit,384,2253177105,9782253177104
270,28,2013,Mariner Books,"Boston, USA",The Hobbit or There and Back Again,,544422848,9780544422841
271,28,2014,Booket,,El Hobbit,288,8445001418,9788445001417
272,28,2014,HarperCollins,,The Hobbit,368,8108285,9780008108281
273,28,2014,HarperCollins Publishers,London,The Hobbit,389,7591853,9780007591855
274,28,2014,HarperCollins Publishers,,The Hobbit,400,7591861,9780007591862
275,28,2014,Houghton Mifflin Harcourt,Boston,The Hobbit,300,544445791,9780544445796
276,28,2015,Evertype,,"La Hobito, aŭ, Tien kaj Reen",250,1782011099,9781782011095
277,28,2015,LGF,,Le Hobbit,408,2253183822,9782253183822
278,28,2015,Minotauro,,El hobbit,,,9789584242983
279,28,2016,HarperCollins Publishers Limited,,Hobbit,312,,9780007440832
280,28,2017,HarperCollins,,The Colour Illustrated Hobbit,320,7497938,9780007497935
281,28,2017,Iskry,"Warszawa, Poland",Hobbit czyli tam i z powrotem,315,,9788324403875
282,28,2017,Planeta Publishing,,El Hobbit,288,6070724143,9786070724145
283,28,2019,Harper Collins,,O Hobbit + pôster,,8595084742,9788595084742
284,28,2020,HarperCollins Publishers Limited,,Hobbit,320,,9780008376116
285,28,,DTV.,,Der Kleine Hobbit.,301,3790301337,
286,28,,Hachette,,Bilbo Le Hobbit,,2010147804,9782010147807
287,28,,Harper Collins Publishers  Stock Account,,THE  HOBBIT,256,44400918,9780044400912
288,28,,Harper Collins Publishers  Stock Account,,The Hobbit,304,48231274,9780048231277
289,28,,Longman,,The Hobbit.  50 Anniversary Edition.,288,582348889,9780582348882
290,28,,,,J.R.R.Tolkien's The Hobbit or There and Back Again (The Deluxe Edtion of The World's Most Beloved Fantasy),,458938807,9780458938803
291,45,1950,HARPER COLLINS,,The Return of the King,30,8108315,9780008108311
292,45,1955,George Allen & Unwin,"London, England",The Return of the King,,,
293,45,1956,Houghton Mifflin,"Boston, USA",The Return of the King,416,,
294,45,1956,Houghton Mifflin Company,Boston,The Return of The King,416,,
295,45,1960,Readers Union / George Allen & Unwin,"London, England",The Return of the King,,,
296,45,1965,George Allen & Unwin,,The Return of The King,,,
297,45,1965,Houghton Mifflin,Boston,The return of the king,440,395082560,
298,45,1965,Houghton Mifflin,Boston,The return of the king,440,039548930X,
299,45,1966,Ballantine Books,"New York, USA",The Return of the King,544,,
300,45,1966,G. Allen & Unwin,"London, England",The Return of The King,440,48230472,9780048230478
301,45,1967,Houghton Mifflin Company,,The Return of The King,,395082560,9780395082560
302,45,1969,Allen and Unwin,"London, England",The Return of The King,440,,
303,45,1969,Ballantine Books,"New York, USA",The Return of the King,,,
304,45,1970,Ballantine Books,"New York, USA",The Return of the King,544,,
305,45,1972,Ballantine Books,"New York, USA",The Return of the King,,,
306,45,1972,Klett-Cotta,"Stuttgart, Germany",Die Rückkehr des Königs,,3608107150,9783608107159
307,45,1973,Christian Bourgois,France,Le retour du roi,569,2266118021,9782266118026
308,45,1973,Distribooks,,Le Retour du Roi III,570,2266127918,9782266127912
309,45,1974,Ballantine Books,,The Return of the King (The Lord Of The Rings - The Authorized Edition),544,345235118,9780345235114
310,45,1974,Ballantine Books,,The Return of the King,,345240340,9780345240347
311,45,1975,Ballantine Books,,The Return of the King,,345248295,9780345248299
312,45,1976,Ballantine Books,"New York, USA",The Return of the King,,345253450,9780345253453
313,45,1977,Folio Society,"London, England",The Return of The King,,,
314,45,1977,Le Livre de Poche,,"Le seigneur des anneaux, tome 3 - Le Retour du Roi",,2253013781,9782253013785
315,45,1977,The Folio Society,"London, England",The Return of the King,,,
316,45,1977,Unwin Books,"London, England",The Return of the King,416,48231142,9780048231147
317,45,1978,Ballantine Books,"New York, USA",The Return of the King,,345272609,9780345272607
318,45,1978,Houghton Mifflin Co.,"Boston, MA, USA",The Return of the King,440,395272211,9780395272213
319,45,1978,Perfection Learning,,The Return of the King,,812417674,9780812417678
320,45,1979,Allen & Unwin,,The Return of the King,560,48231576,9780048231574
321,45,1979,Folio Society,"London, England",The Return of The King,,,
322,45,1979,Het Spectrum,"Utrecht, the Netherlands",De Terugkeer van de Koning,1456,9027401705,9789027401700
323,45,1979,Hobbit Presse/Klett-Cotta,,Der Herr der Ringe 3. Die Rückkehr des Königs,,312908200X,9783129082003
324,45,1979,Pocket,,Seigneur des anneaux t3,,2266026577,9782266026574
325,45,1981,Ballantine Books,,The Return of the King,,345296087,9780345296085
326,45,1981,Houghton Mifflin,"Boston, USA",The Return of The King,440,039531268X,9780395312681
327,45,1981,Unwin Paperbacks,,The Return of the King,560,48231878,9780048231871
328,45,1983,Ballantine Books,"New York, USA",The Return of The King,,345339738,9780345339737
329,45,1983,Houghton Mifflin,"Boston, USA",The Return of the King,440,395272211,9780395272213
330,45,1983,Houghton Mifflin Company,"Boston, USA",The Return of the King,1137,618260285,9780618260287
331,45,1984,Ballantine Books,"New York, USA",The Return of The King,,345296087,9780345296085
332,45,1984,George Allen and Unwin,,El Retorno del Rey,,9684460465,9789684460461
333,45,1985,Ballantine Books,,The Return of the King,,345332091,9780345332097
334,45,1988,Ballantine Books,,The Return of the King,,345008642,9780345008640
335,45,1988,Editions Gallimard,,Le seigneur des Anneaux Livre V Le retour du Roi,,207033483X,9782070334834
336,45,1989,Ballantine Books,"New York, USA",The Return of The King,544,345339738,9780345339737
337,45,1990,Clio,"Oxford, England",The Return of The King,544,1850894248,9781850894247
338,45,1990,Czytelnik,"Warszawa, Poland",Powrót Króla,,8385100083,9788385100089
339,45,1990,Easton Press,"Norwalk, CT, USA",The Return of The King,440,,
340,45,1990,Soundelux Audio Publishing,,The Return of the King,,1559350350,9781559350358
341,45,1991,Christian Bourgois,"Paris, France",Le retour du roi,511,2266046519,9782266046510
342,45,1991,ISIS Large Print Books,,The Return of the King,544,1850894248,9781850894247
343,45,1992,Houghton Mifflin,,The Return of the King,,395647401,9780395647400
344,45,1993,HarperCollins,"London, England",The Return of The King,556,261102370,9780261102378
345,45,1993,Houghton Mifflin Co.,"Boston, MA, USA",The Return of the King,440,039548930X,9780395489307
346,45,1994,Ballantine Books,"New York, USA",The Return of the King,494,345339738,9780345339737
347,45,1994,Gallimard Jeunesse,,Le Retour du Roi,359,2070501426,9782070501427
348,45,1994,Houghton Miffin Harcourt,"New York, USA",The Return of the King,,544449746,9780544449749
349,45,1994,Houghton Mifflin,"Boston, MA, USA",The Return of the King,,618002243,9780618002245
350,45,1995,Minotauro,,El Señor de los Anillos III,417,8445070355,9788445070352
351,45,1996,HarperCollins,"London, England",The Return of the King,440,261103407,9780261103405
352,45,1996,Metis Yayınları,"Istanbul, Turkey",Kralin Dönüsü,,9753422024,9789753422024
353,45,1997,HarperCollins Publishers Ltd,,The Return of the King,432,261103598,9780261103597
354,45,1997,Recorded Books,,The Return of the King,,1556903200,9781556903205
355,45,1997,Ted Smart,,The Return of the King,,7637683,9780007637683
356,45,1997,Zysk i S-ka,,Powrót Króla,608,8371502435,9788371502439
357,45,1998,HarperCollins Publishers Ltd,,The Return of the King,432,261102338,9780261102330
358,45,1998,Pocket,,Le Retour du Roi,502,2266070592,9782266070591
359,45,1999,Ballantine Books,,The Return of the King,,345917456,9780345917454
360,45,1999,ĖKSMO,"Moscow, Russia",Возвращение короля,475,5040019017,9785040019014
361,45,1999,Gallimard Jeunesse,,Le Retour du Roi,,2070522695,9782070522699
362,45,1999,HarperCollins,"London, England",The Return of the King,554,71233809,
363,45,1999,HarperCollins Publishers,"London, England",The Return of the King,624,261102370,9780261102378
364,45,1999,Tandem Library,,The Return of the King,,808520857,9780808520856
365,45,2000,French & European Publications,,Le Retour du Roi,,828816484,9780828816489
366,45,2000,French & European Pubns,"New York, USA",Il Retorno del Re,,828868298,9780828868297
367,45,2000,Klett-Cotta,"Stuttgart, Germany",Die Wiederkehr des Königs,380,3608935436,9783608935431
368,45,2000,,,Die Rückkehr des Königs. Der Herr der Ringe 03.,,3608952144,9783608952148
369,45,2001,Ballantine Books,"New York, USA",The Return of the King,491,345339738,9780345339737
370,45,2001,Collins,,The Return of the King,432,7129726,9780007129720
371,45,2001,Collins,London,The Return of the King,,000768083X,9780007680832
372,45,2001,Folio Society,"London, England",The Return of the King,,,
373,45,2001,HarperCollins Publishers,"London, England",The Return of the King,554,7123809,9780007123803
374,45,2001,Houghton Mifflin,"New York, USA",The Return of the King,406,618129111,9780618129119
375,45,2001,Houghton Mifflin Company,"Boston, MA, USA",The Return of the King,440,618154000,9780618154005
376,45,2001,Houghton Mifflin Company,Boston,The Return of the King,406,618129111,9780618129119
377,45,2001,Klett,,Die Wiederkehr des Konigs III,705,3608935436,9783608935431
378,45,2001,Klett-Cotta,,Der Herr der Ringe Bd. 3,482,3608955380,9783608955385
379,45,2001,Lian jing chu ban shi ye gong si,Taipei Shi,王者再臨,403,9570823380,
380,45,2001,Martins Fontes,,O Retorno do Rei,,8533613393,9788533613393
381,45,2001,Minotauro,,El retorno del rey,416,9505470665,9789505470662
382,45,2001,Pocket,,Le Retour Du Roi,326,2266118021,9782266118026
383,45,2001,Quality Paperback Book Club,New York,The Return of the King,440,965307794,9780965307796
384,45,2001,Recorded Books,,The Return of the King,,788789554,9780788789557
385,45,2001,Recorded Books,,The Return of the King,,788789848,9780788789847
386,45,2001,"Tsai Fong Books, Inc",,王者再臨,,9570823380,9789570823387
387,45,2001,Voyager Classics,"London, England",The Return of the King,,7119569,9780007119561
388,45,2002,Bard,,The Return of the King,,9545853484,
389,45,2002,Christian Bourgois,Paris,Le Seigneur des Anneaux,509,2266120972,9782266120975
390,45,2002,Ediciones Minotauro,"Madrid, España",El retorno del Rey,415,8439596243,9788439596240
391,45,2002,Edicións Xerais de Galicia,,O Regreso Do Rei,385,8483029162,9788483029169
392,45,2002,Europa-America,Portugal,O regresso do rei,,9721041548,9789721041547
393,45,2002,HarperCollins,"London, England",The Return of the King,,7149239,9780007149230
394,45,2002,Houghton Mifflin,"Boston, MA, USA",The Return of The King,1170,618260552,9780618260553
395,45,2002,Houghton Mifflin Company,"Boston, MA, USA",The Return of the King,,618260285,9780618260287
396,45,2002,Klett-Cotta,,Die Rückkehr des Königs,,3608955380,9783608955385
397,45,2002,Klett-Cotta,,Die Wiederkehr des Königs,384,3608934030,9783608934038
398,45,2002,Martins Fontes,,O Retorno do Rei,,8533615574,9788533615571
399,45,2002,Minotauro,,El Retorno del Rey,413,8445071777,9788445071779
400,45,2002,Mladá fronta,,Návrat krále,,8020409653,9788020409652
401,45,2002,Rubikon,"Beograd, Serbia",Povratak kralja,,8673480698,
402,45,2002,Slovart,,Pán Prsteňov,430,807145608X,9788071456087
403,45,2002,Tascabili Bompiani,,Il ritorno del re,470,8845290417,9788845290411
404,45,2002,Turtleback Books Distributed by Demco Media,,El Retorno del Rey,,606244255,9780606244251
405,45,2002,Uitgeverij M,"Amsterdam, The Netherlands",De terugkeer van de koning,360,9022533778,9789022533772
406,45,2002,Yilin Chu Ban She,,魔戒,428,7806572678,9787806572672
407,45,2003,ACT,,Возвращение государя,411,5170162650,9785170162659
408,45,2003,French & European Pubns,,Il Ritorno del Re,,078591398X,9780785913986
409,45,2003,HarperCollins,"London, England",The Return of the King,554,7171994,9780007171996
410,45,2003,Houghton Mifflin,,The Return of the King,,618346279,9780618346271
411,45,2003,Houghton Mifflin Company,,The Return of the King,,618346279,
412,45,2003,Large Print Press,"Waterville, Maine, USA",The Return of the King,864,1594130043,9781594130045
413,45,2003,Minotauro/Argentina,,El Retorno del Rey,414,9706906533,9789706906533
414,45,2003,Tandem Library,,The Return of the King,,141774720X,9781417747207
415,45,2003,Thorndike Press,"Waterville, ME, USA",The Return of the King,864,078625176X,9780786251766
416,45,2003,Txalaparta,Tafalla,Erregearen itzulera,,8481362611,9788481362619
417,45,2004,Houghton Mifflin Harcourt,"New York, USA",The Return of the King,,054795204X,9780547952048
418,45,2004,Literackie,Warszawa,Powrot krola,,,
419,45,2004,Planeta Pub Corp,,El Retorno del Rey,,9703701701,9789703701704
420,45,2005,Algoritam,"Zagreb, Croatia",Povratak kralja,505,,9789532202816
421,45,2005,HarperCollins,,The Return of the King,,7228406,9780007228409
422,45,2005,HarperCollins Publishers,London,The Return of the King,,7203608,9780007203604
423,45,2005,HarperCollins Publishers Limited,,Return of the King,464,,9780007203567
424,45,2005,Houghton Mifflin,,The Return of the King,544,618574972,9780618574971
425,45,2005,Pocket,,Le Retour du Roi,569,2266154125,9782266154123
426,45,2006,Minotauro,,El Retorno del Rey,603,8445075756,9788445075753
427,45,2007,HarperCollins,"London, England",The Return of the King,590,261102370,9780261102378
428,45,2007,MINOTAURO,,El Retorno Del Rey - Señor De Los Anillos Iii,528,9505471165,9789505471164
429,45,2008,,,The Return of the King,,1439527318,9781439527313
430,45,2009,HarperCollins,New York,The Return of the King,,,9780061917868
431,45,2009,HarperCollins,Glasgow,The Return of the King,,,9780007322558
432,45,2009,Wydawnictwo Amber,Warszawa,Powrót Króla,,,9788324133086
433,45,2010,minotauro,"Barcelona, Spain",El Retorno del Rey,,8445077937,9788445077931
434,45,2011,Minotauro,"Colonia Chapultepec Morales, México",El Señor de los Anillos,606,8445077511,9788445077511
435,45,2011,Recorded Books,,The Return of the King,,1461836166,9781461836162
436,45,2011,Texto Online,,The Return of the King,,,
437,45,2012,Del Rey Book,"New York, USA",The Return of the King,512,345339738,9780345339737
438,45,2012,HarperCollins,London,The Return of the King,464,7488351,9780007488353
439,45,2012,HarperCollins,,The Return of the King,624,7488343,9780007488346
440,45,2012,Klett-Cotta,"Stuttgart, Germany",Die Rückkehr des Königs,444,3608939830,9783608939835
441,45,2012,Lian jing chu ban shi ye gu fen you xian gong si,Taipei Shi,Mo jie san bu qu,436,9570841028,9789570841022
442,45,2012,Mariner Books,,The Return of the King: Being the Third Part of the Lord of the Rings,432,054792819X,9780547928197
443,45,2013,HarperCollins,,The Return of the King,,7522924,9780007522927
444,45,2013,Martins Fontes / Selo Martins,"São Paulo, Brazil",O retorno do rei,,8580631033,9788580631036
445,45,2013,Nhà xuất bản Văn Học,[Hà Nội],Chúa tể những chiếc nhẫn,530,,
446,45,2014,Minotauro,,El señor de los anillos III : el retorno del rey,,,9789584246820
447,45,2014,Nhà xuất bản Văn Học,[Hà Nội],Chúa tể những chiếc nhẫn,454,,
448,45,2014,Nhà xuất bản Văn Học,[Hà Nội],Chúa tể những chiếc nhẫn,505,,
449,45,2014,Yilin Press,,The Return of the King,452,7544730425,9787544730426
450,45,2016,Christian Bourgois,,Le Retour du Roi,,2267032198,9782267032192
451,45,2016,Createspace,,דער צוריקקער פֿון דעם קיניג,,1517654475,9781517654474
452,45,2016,Gramedia Pustaka Utama,"Jakarta, Indonesia",The Return of the King,,6020332284,9786020332284
453,45,2020,HarperCollins Publishers Limited,,Return of the King,484,,9780008376147
454,45,2020,Houghton Mifflin Harcourt Publishing Company,,Return of the King,544,,9780358380252
455,45,,,,The Lord of the Rings,,7702752,9780007702756
456,45,,,,The Return of the King,,458907707,9780458907700
457,43,1954,Allen & Unwin,London,Fellowship of the Ring,,,
458,43,1954,Allen & Unwin,"London, England",The Fellowship of the Ring,,,
459,43,1954,Houghton Mifflin Company,"Boston, USA",The Fellowship of the Ring,,,
460,43,1956,George Allen & Unwin,"London, England",The Fellowship of the Ring,,,
461,43,1959,George Allen & Unwin,"London, England",The Fellowship of the Ring,,,
462,43,1965,Ace,,The Fellowship of the Ring,,,
463,43,1965,Ballantine Books,"New York, USA",The Fellowship of the Ring,,,
464,43,1965,George Allen and Unwin,"London, England",The Fellowship of the Ring,,,
465,43,1965,Houghton Mifflin Company,Boston,The Fellowship of the Ring,423,,
466,43,1966,Ballantine Books,"New York, USA",The Fellowship of the Ring,,,
467,43,1966,George Allen & Unwin,"London, England",The Fellowship of the Ring,,,
468,43,1967,Houghton Mifflin,,The Fellowship of the Ring,,395082544,9780395082546
469,43,1967,Houghton Mifflin Company,"Boston, USA",The Fellowship of the Ring,,,
470,43,1967,Houghton Mifflin Company,"Boston, USA",The Fellowship of the Ring,423,395082544,9780395082546
471,43,1968,Allen and Unwin,,The Fellowship of the Ring,,,
472,43,1969,Ballantine Books,New York,The Fellowship of the Ring,,,
473,43,1970,Ballantine Books,"New York, USA",The Fellowship of the Ring,,345020200,9780345020208
474,43,1970,Ballantine Books,New York,The Fellowship of the Ring,,,
475,43,1972,Ballantine Books,"Boston, USA",The Fellowship of the Ring,,345015339,9780345215338
476,43,1972,Christian Bourgois,"Paris, France",La Communauté de l'anneau,605,2253011398,9782253011392
477,43,1972,Klett-Cotta,,Die Gefährten,,3608107134,9783608107135
478,43,1972,Methuen,Canada,The Fellowship of the Ring,,458907502,9780458907502
479,43,1973,Ballantine Books,"New York, USA",The Fellowship of the Ring,,345235096,9780345235091
480,43,1973,Ballantine Books,"New York, USA",The Fellowship of the Ring,,345015339,9780345015334
481,43,1974,Ballantine Books,"New York, USA",The Fellowship of the Ring,,345240324,9780345240323
482,43,1974,Ballantine Books,"New York, USA",The Fellowship of the Ring,,345235096,9780345235091
483,43,1974,George Allen & Unwin,"London, England",The Fellowship of the Ring,,48230456,9780048230454
484,43,1974,Unwin Books,"London, England",The Fellowship of the Ring,391,48231126,9780048231123
485,43,1975,Ballantine Books,"New York, USA",The Fellowship of the Ring,,345247868,9780345247865
486,43,1975,Ballantine Books,"New York, USA",The Fellowship of the Ring,,345248279,9780345248275
487,43,1976,Ballantine Books,"New York, USA",The Fellowship of the Ring,,345253434,9780345253439
488,43,1977,Ballantine Books,New York,The Fellowship of the Ring,527,345272587,9780345272584
489,43,1977,Ballantine Books,New York,The Fellowship of the Ring,527,345253434,9780345253439
490,43,1977,Folio Society,"London, England",The Fellowship of the Ring,,,
491,43,1977,Magnum Books,,The Fellowship of the Ring,,458907502,9780458907502
492,43,1977,Perfection Learning,,The Fellowship of the Ring,,812415582,9780812415582
493,43,1978,Houghton Mifflin Company,"Boston, USA",The Fellowship of the Ring,,395272238,9780395082546
494,43,1978,Minotauro,España,El Señor de los Anillos I,563,8439596200,
495,43,1979,Ballantine Books,"New York, USA",The Fellowship of the Ring,,345240324,9780345240323
496,43,1979,Het Spectrum,"Utrecht, the Netherlands",De Reisgenoten,528,9027401683,9789027401687
497,43,1979,Unwin Paperbacks,"London, England",The Fellowship of the Ring,535,004823155X,9780048231550
498,43,1980,Ballantine Books,"New York, USA",The Fellowship of the Ring,,,345272587
499,43,1980,George Allen & Unwin,"London, England",The Fellowship of the Ring,,48230456,9780048230454
500,43,1981,Ballantine Books,"New York, USA",The Fellowship of the Ring,,345296052,9780345296054
501,43,1981,Gondolat,,A Gyuru Szovetsege,,9632809637,9789632809632
502,43,1981,Houghton Mifflin Company,"Boston, USA",The Fellowship of the Ring,423,395312671,9780395312674
503,43,1981,Unwin Paperbacks,"London, England",The Fellowship of the Ring,536,48231851,9780048231857
504,43,1982,Ballantine Books,"New York, USA",The Fellowship of the Ring,,345339703,9780345339706
505,43,1982,Ballentine Books,"New York, USA",The Fellowship of the Ring,527,345339703,9780345339706
506,43,1982,Houghton Mifflin Company,"Boston, USA",The Fellowship of the Ring,,395082544,9780395489314
507,43,1983,Ballantine Books,"New York, USA",The Fellowship of the Ring,,345296052,9780345296054
508,43,1983,George Allen & Unwin,,The Fellowship of the Ring,,48230456,9780048230454
509,43,1984,Ballantine Books,New York,The Fellowship of the Ring,527,345296052,9780345296054
510,43,1984,Easton Press,"Norwalk, CT, USA",The Fellowship of the Ring,,,
511,43,1985,Ballantine Books,"New York, USA",The Fellowship of the Ring,527,345332083,9780345332080
512,43,1986,Ballantine Books,"New York, USA",The Fellowship of the Ring,,345339703,9780345339706
513,43,1986,Houghton Mifflin Co.,"Boston, USA",The Fellowship of the Ring,423,395272238,9780395082546
514,43,1986,Turtleback Books,,The Fellowship of the Ring,,,9780808520764
515,43,1987,Ballantine Books,"New York, USA",The Fellowship of the Ring,,345339703,9780345339706
516,43,1987,Houghton Mifflin,"Boston, USA",The Fellowship of the Ring,,395272238,9780395272237
517,43,1987,Houghton Mifflin Company,"Boston, USA",The Fellowship of the Ring,423,395489318,9780395489314
518,43,1988,Ballantine Books,,The Fellowship of the Ring,,345008626,9780345008626
519,43,1988,Ballantine Books,"New York, USA",The Fellowship of the Ring,,345339703,9780345339706
520,43,1989,Ballantine Books,,The Fellowship of The Ring,,606006508,9780606006507
521,43,1989,Ballantine Books,,The Fellowship of the Ring,,9993175315,9789993175315
522,43,1990,Recorded Books,"Prince Frederick, MD, USA",The Fellowship of the Ring,,788739573,9780788739576
523,43,1990,Recorded Books,,The Fellowship of the Ring,,1556903219,9781556903212
524,43,1990,Recorded Books,"Prince Frederick, MD, USA",The Fellowship of the Ring,,788789813,9780788789816
525,43,1990,Soundelux Audio Pub,,The Lord of the Rings,,1559350334,9781559350334
526,43,1991,Ballantine Books,"New York, USA",The Fellowship of the Ring,,345339703,9780345339706
527,43,1991,Grafton,"London, England",The Fellowship of the Ring,529,261102354,9780261102354
528,43,1991,Houghton Mifflin,"Boston, USA",The Fellowship of the Ring,,039564738X,9780395647387
529,43,1991,ISIS Large Print Books,,The Fellowship of the Ring,500,1850894140,9781850894148
530,43,1992,HarperCollins,"London, England",The Fellowship of the Ring,,261102923,9780261102927
531,43,1992,unknown,,指輪物語 第1部 旅の仲間,,4566023508,9784566023505
532,43,1993,Ballantine Books,"New York, USA",The Fellowship of the Ring,,345339703,9780345339706
533,43,1993,Folio,,Le seigneur des anneaux,,2070334791,9782070334797
534,43,1993,Houghton Mifflin Company,"Boston, USA",The Fellowship of the Ring,423,395489318,9780395489314
535,43,1993,Houghton Mifflin Company,"Boston, USA",The Fellowship of the Ring,,395272238,9780395272237
536,43,1993,Pocket,,La communauté de l'anneau - tome 1,,2266026550,9782266026550
537,43,1994,Del Rey,"New York, USA",The Fellowship of the Ring,,345339703,9780345339706
538,43,1994,Del Rey (Random House),"New York, USA",The Fellowship of the Ring,,345339703,9780345339706
539,43,1994,Harper-Collins,"London, England",The Fellowship of the Ring,,7149212,9780007149216
540,43,1994,Houghton Mifflin Company,"Boston, USA",The Fellowship of the Ring,398,618574948,9780618574940
541,43,1994,Houghton Mifflin Harcourt,"New York, USA",The Fellowship of the Ring,,544448936,9780544448933
542,43,1994,Houghton Mifflin Harcourt,"New York, USA",The Fellowship of the Ring,,547928211,9780547928210
543,43,1995,Quality Paperback Book Club,,The Fellowship of the Ring,,,
544,43,1996,HarperCollins Publishers Limited,,The Fellowship of the Ring,432,261103385,9780261103382
545,43,1996,"J.G. Cotta'sche, Buchhandlung Nachfolger GmbH",,Die Gefährten,491,3608952128,9783608952124
546,43,1996,Metis Yayınları,"Istanbul, Turkey",Yüzük Kardeşliği,,975342163X,9789753421638
547,43,1996,Zysk i S-ka,Poznan,Bractwo pierscienia,,8371502419,9788371502415
548,43,1997,HarperCollins Publishers,"London, England",The Fellowship of the Ring,416,261103571,9780261103573
549,43,1998,Editions Flammarion,,La communauté de l'Anneau,,2070339769,9782070339761
550,43,1998,HarperCollins Publishers Ltd,,The Fellowship of the Ring,432,261102311,9780261102316
551,43,1999,Ballantine Books,,The Fellowship of the Rings,,034591743X,9780345917430
552,43,1999,HarperCollins Publishers,"London, England",The Fellowship of the Ring,545,261102354,9780261102354
553,43,1999,Houghton Mifflin Co.,"Boston, USA",The Fellowship of the Ring,,618002227,9780618002221
554,43,2000,Bompiani,"Milano, Italia",La Compagnia dell'Anello,512,8845290409,9788845290404
555,43,2000,Christian Bourgois,Paris,Le seigneur des anneaux,538,2266107984,9782266107983
556,43,2000,French & European Pubns,,La Communeaute de l'Anneau,688,828810540,9780828810548
557,43,2000,French & European Pubns,,Comunidad Anillo,,828868999,9780828868990
558,43,2000,French & European Pubns,,Die Gefahrten,400,828865655,9780828865654
559,43,2000,Gallimard Jeunesse,,La Communauté de l'Anneau,687,2070515796,9782070515790
560,43,2000,Klett-Cotta,"Stuttgart, Germany",Die Gefährten,526,360893541X,9783608935417
561,43,2000,xx,,La Communauté de l'Anneau,,,
562,43,2001,Ballantine Books,"New York, USA",The Fellowship of the Ring,527,345339703,9780345339706
563,43,2001,Christian Bourgeois éditeur,Paris,Le Seigneur des anneaux,544,2266070614,9782266070614
564,43,2001,Christian Bourgois,,La communauté de l'anneau,691,2070515796,9782070515790
565,43,2001,Collins,"London, England",The Fellowship of the Ring,416,000712970X,9780007129706
566,43,2001,Collins,London,The Fellowship of the Ring,,7680856,9780007680856
567,43,2001,Del Rey,"New York, USA",The Fellowship of the Ring,,345339703,9780345339706
568,43,2001,Harper Collins,,The Fellowship of the Ring,416,7117116,9780007117116
569,43,2001,HarperCollins,"London, England",The Fellowship of the Ring,,7123825,9780007123827
570,43,2001,Hobbit Presse,Klett-Cotta,Die Gefährten,,3608955364,9783608955361
571,43,2001,Houghton Mifflin,"Boston, USA",The Fellowship of the Ring,423,618153985,9780618153985
572,43,2001,Houghton Mifflin Company,"Boston, USA",The Fellowship of the Ring,407,618129030,9780618129034
573,43,2001,Houghton Mifflin Company,,The Fellowship of the Ring,,618134697,9780618134694
574,43,2001,"J.G. Cotta'sche, Buchhandlung Nachfolger GmbH",,Die Gefahrten,526,3608933514,9783608933512
575,43,2001,Klett-Cotta,,Die Gefahrten,526,3608933514,9783608933512
576,43,2001,Klett-Cotta,,Die Gefährten,,3608934014,9783608934014
577,43,2001,Klett-Cotta,,Die Gefahrten,677,360893541X,9783608935417
578,43,2001,Lian jing chu ban shi ye gong si,Taipei Shi,魔戒首部曲,591,9570823364,9789570823363
579,43,2001,Martins Fontes,,O a Sociedade do Anel,450,8533613377,9788533613379
580,43,2001,Minotauro,"Barcelona, Spain",La comunidad del anillo,559,8445071408,9788445071403
581,43,2001,Minotauro,,La comunidad del anillo,547,9505470673,9789505470679
582,43,2001,Pocket,,La Communaute de L'Anneaux,377,2266115618,9782266115612
583,43,2001,Quality Paperback Book Club,"New York, USA",The Fellowship of the Ring,427,965307751,9780965307758
584,43,2001,Texto Online,,The Fellowship of the Ring,,,
585,43,2001,Turtleback Books Distributed by Demco Media,,La comunidad del anillo,,606244239,9780606244237
586,43,2001,Xerias,,A Irmandade do Anel,520,848302683X,9788483026830
587,43,2001,Zysk i S-Ka Wydawnictwo,Poznan,Władca pieršcieni.,,8372981566,
588,43,2002,Algoritam,"Zagreb, Croatia",Gospodar prstenova (dio prvi),479,953-6166-11-9,9789536166114
589,43,2002,Barд,,The Fellowship of the Ring,,9545853468,
590,43,2002,Christian Bourgois,,Le Communaute de L'Anneau,697,2266120999,9782266120999
591,43,2002,Ediciones Minotauro,"Madrid, España",La Comunidad del Anillo,299,8439596197,9788439596189
592,43,2002,Ediciones Minotauro,"Madrid, España",El Señor de los Anillos I,260,8439596200,9788439596189
593,43,2002,Europa-America,Mem Martins,A Irmandade do Anel,,9721041025,9789721041028
594,43,2002,French & European Pubns,,La compagnia dell'anello,502,785907424,9780785907428
595,43,2002,French & European Pubns,,La Compagnia dell'anello,502,828839816,9780828839815
596,43,2002,Houghton Mifflin,"Boston, USA",The Fellowship of the Ring,410,061826051X,9780618260515
597,43,2002,Houghton Mifflin Co.,"Boston, MA, USA",The Fellowship of the Ring,407,618260269,9780618260263
598,43,2002,"""I︠A︡uza""",Moskva,Vlastelin Kolet︠s︡,990,5040081766,
599,43,2002,Linking Publishing,,魔戒首部曲,591,9570823364,9789570823363
600,43,2002,Martins Fontes,,A Sociedade do Anel,,8533615558,9788533615557
601,43,2002,Pocket,,La Communauté de l'Anneau,697,2266128043,9782266128049
602,43,2002,Rubikon,"Beograd, Serbia",Družina prstena,,8673480671,
603,43,2002,UITGEVERIJ,,De Reisgenoten,,9022531937,9789022531938
604,43,2002,Uitgeverij M,Amsterdam,In de Ban van de Ring: Eerste Boek,491,9022533964,9789022533963
605,43,2002,Yi lin chu ban she,Nanjing,魔戒(指环王),354,7806573976,9787806573976
606,43,2003,Ballantine Books,"New York, USA",The Fellowship of the Ring,,345339703,9780345339706
607,43,2003,Ballantine Books / Del Rey,"New York, USA",The Fellowship of the Ring,,345339703,9780345339706
608,43,2003,HarperCollins,"London, England",The Fellowship of the Ring,535,7171978,9780007171972
609,43,2003,Houghton Mifflin Company,,The Fellowship of the Ring,398,618346252,
610,43,2003,Large Print Press,"Waterville, ME, USA",The Fellowship of the Ring,,1594130078,9781594130076
611,43,2003,Minotaur,Argentina,La comunidad del anillo,548,9706906517,9789706906519
612,43,2003,Minotauro,,La Comunidad del Anillo,,8445070339,9788445070338
613,43,2003,Pocket,,Le Communaute de L'Anneau,538,2266120999,9782266120999
614,43,2003,Thorndike Press,"Waterville, ME, USA",The Fellowship of the Ring,855,786251786,9780786251780
615,43,2004,AST,,Khraniteli Kol'tsa,479,5170264151,9785170264155
616,43,2004,Houghton Mifflin Company,"Boston, USA",The Fellowship of the Ring,544,618574948,9780618574940
617,43,2004,UITGEVERIJ MEULENHOFF,"Amsterdam, The Netherlands",De Reisgenoten,,9460235301,9789460235306
618,43,2005,French and European Publications Inc,,Le Seigneur des Anneaux 1. La Communaute de l' Anneau (French Edition),697,2266154117,9782266154116
619,43,2005,HarperCollins Publishers Limited,,Fellowship of the Ring,456,,9780007203543
620,43,2005,Literackie,Warszawa,Druzyna pierscienia,,8370799736,
621,43,2006,Der Hörverlag,,Die Gefährten,,3899408861,9783899408867
622,43,2006,Minotauro,,La Comunidad Del Anillo,566,844507573X,9788445075739
623,43,2007,Folio Junior,,La Communauté de l'Anneau,717,2070612880,9782070612888
624,43,2007,MINOTAURO,,"COMUNIDAD DEL ANILLO, LA - SEÑOR DE LOS ANILLOS I",,9505471149,9789505471140
625,43,2008,Harpercollins,,The Fellowship of the Ring,576,7269706,9780007269709
626,43,2008,Paw Prints 2008-08-11,,The Fellowship of the Ring,,143951836X,9781439518366
627,43,2009,HarperCollins,"New York, USA",The Fellowship of the Ring,,61917672,9780061917677
628,43,2009,HarperCollins,Glasgow,The Fellowship of the Ring,,7322496,9780007322497
629,43,2009,Wydawnictwo Amber,Warszawa,Drużyna Pierścienia,,,9788324132614
630,43,2010,Cappelen Damm Lydbok,,Ringens brorskap,,,9788202336400
631,43,2010,Gyldendal Lyd,,Eventyret om Ringen,,8702093693,9788702093698
632,43,2011,Recorded Books,,The Fellowship of the Ring,,146183614X,9781461836148
633,43,2012,Del Rey,"New York, USA",The Fellowship of the Ring,,345339703,9780345339706
634,43,2012,Del Rey / Ballantine Books,"New York, USA",The Fellowship of the Ring,480,345339703,9780345339706
635,43,2012,HarperCollins,London,The Fellowship of the Ring,,7488319,9780007488315
636,43,2012,Hobbit Presse,"Stuttgart, Germany",Die Gefährten,,3608939814,9783608939811
637,43,2012,Lian jing chu ban shi ye gu fen you xian gong si,Taipei Shi,Mo jie shou bu qu,626,9570841001,9789570841008
638,43,2012,Minotauro,,La comunidad del anillo,,8445000667,9788445000663
639,43,2013,HARPERCOLLINS,,FELLOWSHIP OF THE RINGS MTI,,7488300,9780007488308
640,43,2013,Martins Fontes,São Paulo SP Brasil,A sociedade do anel,,8580631017,9788580631012
641,43,2014,Barry Goldstein,,די חברותא פון דעם פינגערל,,1500410225,9781500410223
642,43,2014,HarperCollins,,The Fellowship of the Ring,550,8108293,9780008108298
643,43,2014,Ylin,,魔戒现身,442,7544730425,9787544730426
644,43,2016,Gramedia Pustaka Utama,"Penerbit, Indonesia",The Fellowship of the Ring,,6020332268,9786020332260
645,43,2018,Del Rey,"New York, USA",The Fellowship of the Ring,,345339703,9780345339706
646,43,2018,Harper,"London, England",The Fellowship of the Ring,,7322496,9780007322497
647,43,2020,HarperCollins Publishers Limited,,Fellowship of the Ring,412,,9780008376123
648,43,2020,HarperCollins Publishers Limited,,"Fellowship of the Ring (the Lord of the Rings, Book 1)",448,,9780008376062
649,43,2020,Houghton Mifflin Harcourt Publishing Company,,Fellowship of the Ring,544,,9780358380238
650,43,,Pocket,,La communauté de l'anneau,544,2266046497,9782266046497
651,44,1954,George Allen & Unwin,"London, England",The Two Towers,352,,
652,44,1954,Houghton Mifflin,Boston,The two towers,352,,
653,44,1955,George Allen & Unwin,"London, England",The Two Towers,,,
654,44,1955,Houghton Mifflin Company,"Boston, USA",The Two Towers,352,,
655,44,1960,Readers Union / George Allen & Unwin,,The Two Towers,,,
656,44,1962,George Allen & Unwin / Houghton Mifflin Company,"London, England",The Two Towers,,,
657,44,1963,George Allen & Unwin,,The Two Towers,,,
658,44,1965,Ballantine Books,"New York, USA",The Two Towers,,,
659,44,1966,G. Allen & Unwin,"London, England",The Two Towers,352,,
660,44,1967,George Allen & Unwin,"London, England",The Two Towers,352,,
661,44,1967,Houghton Mifflin Company,"Boston, USA",The Two Towers,,395082552,9780395082553
662,44,1967,Houghton Mifflin Company,"Boston, USA",The Two Towers,,,
663,44,1967,Houghton Mifflin Company,"Boston, USA",The Two Towers,,039527222X,9780395272220
664,44,1968,George Allen & Unwin,"London, England",The Two Towers,352,48230464,9780048230461
665,44,1969,George Allen & Unwin,"London, England",The Two Towers,,,
666,44,1970,Ballantine Books,"New York, USA",The Two Towers,,345020200,9780345020208
667,44,1970,Ballantine Books,"New York, USA",The Two Towers,447,,
668,44,1970,George Allen & Unwin,"London, England",The Two Towers,,48230464,9780048230461
669,44,1971,George Allen & Unwin,,The Two Towers,,48230464,9780048230461
670,44,1972,Ballantine Books,"New York, USA",The Two Towers,,,
671,44,1972,Ballantine Books,"New York, USA",The Two Towers,,345015347,9780345015341
672,44,1972,Klett-Cotta,"Stuttgart, Germany",Die zwei Türme,,3608107142,9783608107142
673,44,1972,Methuen Publications,,The Two Towers,,045890760X,9780458907601
674,44,1973,Ballantine Books,"New York, USA",The Two Towers,,034523510X,9780345235107
675,44,1973,Ballantine Books,"New York, USA",The Two Towers,,345015347,9780345015341
676,44,1974,Ballantine Books,"New York, N.Y., U.S.A",The Two Towers,,034523510X,9780345235107
677,44,1974,Ballantine Books,"New York, USA",The Two Towers,,345240332,9780345240330
678,44,1974,George Allen & Unwin,"London, England",The Two Towers,,48230464,9780048230461
679,44,1974,Unwin Books,"London, England",The Two Towers,319,48231134,9780048231130
680,44,1974,Unwin Paperbacks,London,The two towers,313,48232297,
681,44,1975,Ballantine Books,"New York, USA",The Two Towers,,345248287,9780345248282
682,44,1975,Ballantine Books,"New York, USA",The Two Towers,,345247868,9780345247865
683,44,1976,Ballantine Books,"New York, USA",The Two Towers,,345253442,9780345253446
684,44,1976,Le Livre de Poche,,The Two Towers,,2253012084,9782253012085
685,44,1977,Folio Society,"London, England",The Two Towers,,,
686,44,1977,Methuen / Magnum,,The Two Towers,,045890760X,9780458907601
687,44,1977,The Folio Society,"London, England",The Two Towers,,,
688,44,1978,Ballantine Books,New York,The Two Towers,447,345272595,9780345272591
689,44,1978,Houghton Mifflin Company,"Boston, USA",The Two Towers,352,395082552,9780395082553
690,44,1978,Perfection Learning,,The Two Towers,,812417852,9780812417852
691,44,1979,Het Spectrum,"Utrecht, the Netherlands",De Twee Torens,370,9027401691,9789027401694
692,44,1979,Recorded Books,,The Two Towers,,1556903227,9781556903229
693,44,1979,Unwin Paperbacks,"London, England",The Two Towers,442,48231568,9780048231567
694,44,1980,Gallimard,,Les Deux Tours,,2070501418,9782070501410
695,44,1981,Ballantine Books,"New York, USA",The Two Towers,,345296060,9780345296061
696,44,1981,Gondolat,,A Ket Torony,,9632809645,9789632809649
697,44,1981,Houghton Mifflin,"Boston, USA",The Two Towers,352,395312663,9780395312667
698,44,1981,Unwin Paperbacks,,The Two Towers,446,004823186X,9780048231864
699,44,1982,Ballantine Books,"New York, USA",The Two Towers,447,345296060,9780345296061
700,44,1982,Ballantine Books,"New York, USA",The Two Towers,416,345339711,9780345339713
701,44,1982,Houghton Mifflin Company,"Boston, USA",The Two Towers,,039527222X,9780395272220
702,44,1982,Houghton Mifflin Company,"Boston, USA",The Two Towers,,395082552,9780395082553
703,44,1982,Houghton Mifflin Company,"Boston, USA",The Two Towers,,,
704,44,1982,Houghton Mifflin Company,"Boston, USA",The Two Towers,352,395312663,9780395312667
705,44,1983,Christian Bourgois,,Les Deux Tours,408,2267001977,9782267001976
706,44,1984,Ballantine Books,"New York, USA",The Two Towers,,345296060,9780345296061
707,44,1984,Easton Press,"Norwalk, CT, USA",The Two Towers,,,
708,44,1985,Ballantine Books,"New York, USA",The Two Towers,,345332105,9780345332103
709,44,1986,Ballantine Books,"New York, USA",The Two Towers,,345339711,9780345339713
710,44,1987,Ballantine Books,"New York, USA",The Two Towers,,345339711,9780345339713
711,44,1987,Guild Publishing,"London, England",The Two Towers,352,,
712,44,1988,Ballantine Books,,The Two Towers,,345008634,9780345008633
713,44,1988,Ballantine Books,"New York, USA",The Two Towers,,345339711,9780345339713
714,44,1988,Gallimard,,Les deux tours,,2070334813,9782070334810
715,44,1988,Houghton Mifflin Harcourt,"Boston, USA",The Two Towers,352,395489334,9780395489338
716,44,1990,Czytelnik,"Warszawa, Poland",Dwie wieże,452,8385100083,9788385100089
717,44,1990,Czytelnik,Warszawa,Dwie wieże,452,,
718,44,1990,Czytelnik,"Warszawa, Poland",Dwie Wieze,,8307021731,9788307021737
719,44,1990,Raduga,,Две твердыни,,5050023971,9785050023971
720,44,1990,Recorded Books,,The Two Towers,,788739581,9780788739583
721,44,1991,"Ballantine Books, a division of Random House, Inc.","New York, USA",The Two Towers,,345339711,9780345339713
722,44,1991,Houghton Mifflin,"Boston, USA",The Two Towers,,395647398,9780395647394
723,44,1991,ISIS Large Print Books,,The Two Towers,448,1850894191,9781850894193
724,44,1991,Pocket,,Les Deux Tours,,2266046500,9782266046503
725,44,1992,HarperCollins Publishers Ltd,,Lord of the Rings,352,261102931,9780261102934
726,44,1993,Ballantine Books,"New York, USA",The Two Towers,,345339711,9780345339713
727,44,1993,HarperCollins,"London, England",The Two Towers,442,261102362,9780261102361
728,44,1993,Houghton Mifflin Company,"Boston, USA",The Two Towers,352,395489334,9780395489338
729,44,1993,Houghton Mifflin Company,"Boston, USA",The Two Towers,,039527222X,9780395272220
730,44,1993,Pocket,,LE SEIGNEUR DES ANNEAUX T2,,2266026569,9782266026567
731,44,1994,Hermes Editorial,,Las dos torres,495,9684461135,9789684461130
732,44,1994,Houghton Mifflin,"Boston, USA",The Two Towers,352,618002235,9780618002238
733,44,1994,Houghton Mifflin Co.,"Boston, USA",The Two Towers,725,618002235,9780618002238
734,44,1994,Mariner Books / Houghton Mifflin Harcourt,"New York, USA",The Two Towers,,547928203,9780547928203
735,44,1995,Quality Paperback Book Club,,The Two Towers,,,
736,44,1996,Distribooks Int'l+inc,,Les deux tours,471,2266070606,9782266070607
737,44,1996,HarperCollins Publishers Ltd,,The Lord of the Rings Part II - The Two Towers,356,261103393,9780261103399
738,44,1997,HarperCollins Publishers,"London, England",The Two Towers,352,026110358X,9780261103580
739,44,1997,Ted Smart,,The Two Towers,725,7637691,9780007637690
740,44,1997,Zysk i S-ka,,Dwie Wieże,512,8371502427,9788371502422
741,44,1998,HarperCollins Publishers Ltd,,The Two Towers,352,026110232X,9780261102323
742,44,1999,Ballantine Books,,The Two Towers,,345917448,9780345917447
743,44,1999,Gallimard Jeunesse,,"Le Seigneur des Anneaux, tome 2",574,2070522687,9782070522682
744,44,1999,HarperCollins,"London, England",The Two Towers,449,261102362,9780261102361
745,44,1999,Metis Yayinlari,"Istanbul, Turkey",Iki kule,,9753421818,9789753421812
746,44,1999,Tandem Library,,The Two Towers,398,808520903,9780808520900
747,44,1999,Tandem Library,,The Two Towers,,141761840X,9781417618408
748,44,2000,AST - Terra Fantastica,,Две Твердыни,,5170011806,9785170011803
749,44,2000,Bompiani,,Le due Torri,,8845290425,9788845290428
750,44,2000,Christian Bourgois,,Les Deux Tours,,2266107992,9782266107990
751,44,2000,French & European Pubns,,Las dos torres,300,828869022,9780828869027
752,44,2000,French & European Pubns,,Les Deux Tours,,828810761,9780828810760
753,44,2000,Klett-Cotta,"Stuttgart, Germany",Die zwei Türme,441,3608935428,9783608935424
754,44,2000,Martins Fontes,,As Duas Torres,380,8533613385,9788533613386
755,44,2001,Ballantine Books,"New York, USA",The Two Towers,398,345339711,9780345339713
756,44,2001,Collins,London,The Two Towers,352,7129718,9780007129713
757,44,2001,Harper Collins Publishers,,"The Two Towers (The Lord of the Rings, Book 2)",464,7123833,9780007123834
758,44,2001,Houghton Mifflin Company,"Boston, USA",The Two Towers,352,618153993,9780618153992
759,44,2001,Houghton Mifflin Company,"Boston, USA",The Two Towers,,618129081,9780618129089
760,44,2001,Klett-Cotta,,Die zwei Türme,,3608955372,9783608955378
761,44,2001,Klett-Cotta,,Die zwei Türme,608,3608935428,9783608935424
762,44,2001,Lian jing chu ban shi ye gong si,Taipei Shi,Mo jie er bu qu,465,9570823372,
763,44,2001,Minotauro,"Barcelona, Spain",Las dos torres,463,8445071769,9788445071762
764,44,2001,Minotauro,"Barcelona, Spain",Las dos torres,489,8445070347,9788445070345
765,44,2001,Minotauro,,Las dos torres,464,9505470657,9789505470655
766,44,2001,Pocket,,Les Deux Tours,344,2266118013,9782266118019
767,44,2001,Quality Paperback Book Club,,The Two Towers,352,965307816,9780965307819
768,44,2001,Quality Paperback Book Club,,The Two Towers,357,7117124,9780007117123
769,44,2001,Recorded Books,,The Two Towers,,078878983X,9780788789830
770,44,2001,Recorded Books,,The Two Towers,,788789546,9780788789540
771,44,2001,Texto Online,,The Two Towers,,,
772,44,2001,"Tsai Fong Books, Inc",,雙城奇謀,,9570823372,9789570823370
773,44,2001,Yilin Chu Ban She,,魔戒,401,780657266X,9787806572665
774,44,2001,Zysk i S-ka,Poznan,Dwie wieze,,8372981132,9788372981134
775,44,2002,Bard,,The Two Towers,,9545853476,
776,44,2002,Ediciones Minotauro,"Madrid, España",Las dos torres,489,8439596227,9788439596226
777,44,2002,Europa-America,Portugal,As duas Torres,,9721041440,9789721041448
778,44,2002,French & European Pubns,,Die Zwei Turme,441,828808880,9780828808880
779,44,2002,French & European Pubns,,Le Due Torri,393,828879761,9780828879767
780,44,2002,French & European Pubns,,Le Due Torri,401,828866058,9780828866057
781,44,2002,Harper,,The Two Towers,,7141300,9780007141302
782,44,2002,Harpercollins,,The Two Towers,,7522916,9780007522910
783,44,2002,HarperCollins,"London, England",The Two Towers,,7149220,9780007149223
784,44,2002,HarperCollins,"London, England",The Two Towers,,7136560,9780007136568
785,44,2002,"Houghton, Mifflin","Boston, USA",The Two Towers,750,618260595,9780618260591
786,44,2002,Houghton Mifflin Company,"Boston, USA",The Two Towers,725,618260277,9780618260270
787,44,2002,"J.G. Cotta'sche, Buchhandlung Nachfolger GmbH",,Die Zwei Türme,441,3608933522,9783608933529
788,44,2002,Klett-Cotta,,Die zwei Türme,448,3608934022,9783608934021
789,44,2002,Martins Fontes,,As Duas Torres,508,8533615566,9788533615564
790,44,2002,Minotauro,,Las dos torres,464,8445071769,9788445071762
791,44,2002,Pocket,,Les deux tours,472,2266120980,9782266120982
792,44,2002,Pocket,,Les Deux Tours,567,2266127926,9782266127929
793,44,2002,Rubikon,"Beograd, Serbia",Dve kule,,867348068X,9788673480688
794,44,2002,UITGEVERIJ,,De Twee Torens,,9022531945,9789022531945
795,44,2003,AST,,Две твердыни,413,5170162758,9785170162758
796,44,2003,Christian Bourgois,"Paris, France",Les Deux Tours,575,2266132385,
797,44,2003,HarperCollins,"London, England",The Two Towers,439,7171986,9780007171989
798,44,2003,Houghton Mifflin Company,"Boston, USA",The Two Towers,,618346260,9780618346264
799,44,2003,Large Print Press,"Waterville, ME, USA",The Two Towers,774,159413006X,9781594130069
800,44,2003,Literackie,"Warszawa, Poland",Dwie wieze,,8373194223,9788373194229
801,44,2003,Thorndike Press,"Waterville, ME, USA",The Two Towers,776,786251751,9780786251759
802,44,2003,Txalaparta,"Tafalla, Spain",Bi dorreak,454,8481362603,9788481362602
803,44,2004,AST,,Vlastelin kolets. Trilogiya. Kniga 2. Dve tverdyni (Vneklassnoe chtenie),366,517026416X,
804,44,2004,Houghton Mifflin,"New York, USA",The Two Towers,448,618574956,9780618574957
805,44,2004,Planeta Pub Corp,,Las dos torres,,9703701698,9789703701698
806,44,2005,Algoritam,"Zagreb, Croatia",Dvije kule,399,953-220-280-3,9789532202809
807,44,2005,HarperCollins,"London, England",The Two Towers,368,7203551,9780007203550
808,44,2005,HarperCollins Publishers,London,The Two Towers,,7203594,9780007203598
809,44,2005,HarperCollins UK Audio,,The Two Towers,,7228392,9780007228393
810,44,2005,Pocket,,Le Seigneur des Anneaux 2 - Les Deux Tours,569,2266154133,9782266154130
811,44,2006,Booket,,Las dos torres,476,8445075748,9788445075746
812,44,2007,Gallimard Education,,Seigneur Des Anneau (Folio Junior) (v. 2) (French Edition),,2070612899,9782070612895
813,44,2007,HarperCollins,"London, England",The Two Towers,464,261102362,9780261102361
814,44,2008,Houghton Mifflin Company,"New York, USA",The Two Towers,,544087429,9780544087422
815,44,2009,HarperCollins,"London, England",The Two Towers,,000732250X,9780007322503
816,44,2009,HarperCollins,"New York, USA",The Two Towers,,61952893,9780061917929
817,44,2009,Wydawnictwo Amber,Warszawa,Dwie Wieże,,,9788324132874
818,44,2010,AST,,Lord of the Rings. Trilogy. T. 2. Two strongholds / Vlastelin Kolets. Trilogiya. T. 2. Dve tverdyni,,5170675666,9785170675661
819,44,2010,Gyldendal,,De to tårne,,8702093707,9788702093704
820,44,2011,Recorded Books,,The Two Towers,,1461836158,9781461836155
821,44,2012,Del Rey,"New York, USA",The Two Towers,,345339711,9780345339713
822,44,2012,HarperCollins,London,The Two Towers,464,7488327,9780007488322
823,44,2012,HarperCollins,"London, England",The Two Towers,352,7488335,9780007488339
824,44,2012,Houghton Mifflin Harcourt Publishing Company,,Two Towers,352,,9780547952024
825,44,2012,Klett-Cotta,"Stuttgart, Germany",Die zwei Türme,,3608939822,9783608939828
826,44,2012,Lian jing chu ban shi ye gong si,Taipei Shi,Mo jie er bu qu,511,957084101X,9789570841015
827,44,2013,Martins Fontes - Selo Martins,"São Paulo, Brazil",As duas torres,,8580631025,9788580631029
828,44,2014,HarperCollins,,The Two Towers,452,8108307,9780008108304
829,44,2014,Houghton Mifflin Harcourt,"Boston, USA",The Two Towers,322,544449738,9780544449732
830,44,2015,CHRISTIAN BOURGOIS EDITEUR,,Les deux tours,,2267028921,9782267028928
831,44,2015,Createspace,,וואס איז דער צוויטער טייל פון דער האר פון די פינגערלעך,,1512129038,9781512129038
832,44,2016,Gramedia Pustaka Utama,"Jakarta, Indonesia",The Two Towers,,6020332276,9786020332277
833,44,2018,Del Rey,"New York, USA",The Two Towers,,345339711,9780345339713
834,44,2019,Protea Boekhuis,Pretoria,Die Twee Torings,436,148530976X,9781485309765
835,44,2020,HarperCollins Publishers Limited,,Two Towers,385,,9780008376130
836,44,2020,Houghton Mifflin Harcourt Publishing Company,,Two Towers,448,,9780358380245
837,44,,,,As Duas Torres,440,8483028263,9788483028261
