title,author,publication_year,genre
The House of the Spirits,Isabel Allende,1982,magical realism
The Handmaid's Tale,Margaret Atwood,1985,science fiction
In Mad Love and War,Joy Harjo,1990,poetry
Invisible Man,Ralph Ellison,1952,fiction
Howl and Other Poems,Allen Ginsberg,1956,poetry
Bodega Dreams,Ernesto Quiñonez,2000,fiction
Things Fall Apart,Chinua Achebe,1958,historical fiction
The Three-Body Problem,Liu Cixin,2008,science fiction
A Wizard of Earthsea,Ursula K. Le Guin,1968,fantasy
The Stone Sky,N. K. Jemisin,2017,fantasy
The Hobbit,J.R.R. Tolkien,1937,fantasy
Unaccustomed Earth,Jhumpa Lahiri,2008,fiction
